{
  "best_epoch": 14,
  "best_val_accuracy": 0.8320840448007409,
  "best_val_macro_f1": 0.7729698686162862,
  "best_val_loss": 0.8764607592129008,
  "class_report": {
    "red": {
      "precision": 0.8898312200856495,
      "recall": 0.8886373165618449,
      "f1": 0.8892338675841235,
      "support": 11925
    },
    "yellow": {
      "precision": 0.7656012176560122,
      "recall": 0.8824561403508772,
      "f1": 0.819885900570497,
      "support": 1140
    },
    "green": {
      "precision": 0.9438970818951993,
      "recall": 0.8051927194860814,
      "f1": 0.8690452116134625,
      "support": 18680
    },
    "off": {
      "precision": 0.39054680259499536,
      "recall": 0.7503561253561254,
      "f1": 0.513714494697062,
      "support": 2808
    }
  },
  "class_names": [
    "red",
    "yellow",
    "green",
    "off"
  ]
}